{"cameraMode":{"drawMode":0,"name":"Shaded","section":"Shading Mode"},"sceneLighting":true,"audioPlay":false,"sceneViewState":{"showFog":true,"showMaterialUpdate":false,"showSkybox":true,"showFlares":true,"showImageEffects":true,"showParticleSystems":true},"in2DMode":false,"pivot":{"x":40.11286163330078,"y":24.248823165893556,"z":-17.465721130371095},"rotation":{"x":-0.1969677209854126,"y":-0.021474072709679605,"z":0.004312482662498951,"w":-0.9801746010780335},"size":5.969167709350586,"orthographic":false}