{"cameraMode":{"drawMode":0,"name":"Shaded","section":"Shading Mode"},"sceneLighting":true,"audioPlay":false,"sceneViewState":{"showFog":true,"showMaterialUpdate":false,"showSkybox":true,"showFlares":true,"showImageEffects":true,"showParticleSystems":true},"in2DMode":false,"pivot":{"x":5.021569728851318,"y":5.630040645599365,"z":1.8904343843460084},"rotation":{"x":-0.10560772567987442,"y":0.8101572394371033,"z":-0.15396985411643983,"w":-0.5556856989860535},"size":0.8660253882408142,"orthographic":false}