{"cameraMode":{"drawMode":0,"name":"Shaded","section":"Shading Mode"},"sceneLighting":true,"audioPlay":false,"sceneViewState":{"showFog":true,"showMaterialUpdate":false,"showSkybox":true,"showFlares":true,"showImageEffects":true,"showParticleSystems":true},"in2DMode":false,"pivot":{"x":12.032079696655274,"y":44.899070739746097,"z":19.744184494018556},"rotation":{"x":-0.25669172406196597,"y":-0.2977762520313263,"z":0.08348113298416138,"w":-0.9157008528709412},"size":17.941511154174806,"orthographic":false}