{"cameraMode":{"drawMode":0,"name":"Shaded","section":"Shading Mode"},"sceneLighting":false,"audioPlay":false,"sceneViewState":{"showFog":true,"showMaterialUpdate":false,"showSkybox":false,"showFlares":true,"showImageEffects":true,"showParticleSystems":true},"in2DMode":false,"pivot":{"x":-26.733863830566408,"y":8.701530456542969,"z":-6.649633407592773},"rotation":{"x":0.14306646585464478,"y":0.6834557056427002,"z":-0.13925492763519288,"w":0.7021628022193909},"size":0.8660253882408142,"orthographic":false}