{"cameraMode":{"drawMode":0,"name":"Shaded","section":"Shading Mode"},"sceneLighting":false,"audioPlay":false,"sceneViewState":{"showFog":true,"showMaterialUpdate":false,"showSkybox":false,"showFlares":true,"showImageEffects":true,"showParticleSystems":true},"in2DMode":false,"pivot":{"x":14.640000343322754,"y":0.5099999904632568,"z":9.319999694824219},"rotation":{"x":-0.003306498983874917,"y":-0.04588724300265312,"z":0.00015175357111729681,"w":-0.9989421367645264},"size":1.5066519975662232,"orthographic":false}