{"cameraMode":{"drawMode":0,"name":"Shaded","section":"Shading Mode"},"sceneLighting":true,"audioPlay":false,"sceneViewState":{"showFog":true,"showMaterialUpdate":false,"showSkybox":true,"showFlares":true,"showImageEffects":true,"showParticleSystems":true},"in2DMode":false,"pivot":{"x":36.945987701416019,"y":6.803402900695801,"z":51.59407424926758},"rotation":{"x":0.31786829233169558,"y":0.4101352095603943,"z":-0.1550779491662979,"w":0.8406615853309631},"size":65.14302062988281,"orthographic":false}