{"cameraMode":{"drawMode":0,"name":"Shaded","section":"Shading Mode"},"sceneLighting":false,"audioPlay":false,"sceneViewState":{"showFog":true,"showMaterialUpdate":false,"showSkybox":false,"showFlares":true,"showImageEffects":true,"showParticleSystems":true},"in2DMode":false,"pivot":{"x":-26.733863830566408,"y":9.651531219482422,"z":-8.614643096923829},"rotation":{"x":-0.20420381426811219,"y":-0.6939322352409363,"z":0.21601693332195283,"w":-0.6558574438095093},"size":0.8660253882408142,"orthographic":false}