{"cameraMode":{"drawMode":0,"name":"Shaded","section":"Shading Mode"},"sceneLighting":true,"audioPlay":false,"sceneViewState":{"showFog":true,"showMaterialUpdate":false,"showSkybox":true,"showFlares":true,"showImageEffects":true,"showParticleSystems":true},"in2DMode":false,"pivot":{"x":60.44127655029297,"y":-3.25270938873291,"z":63.37920379638672},"rotation":{"x":-0.21922191977500916,"y":-0.15236446261405946,"z":0.03468144312500954,"w":-0.9630863666534424},"size":21.704235076904298,"orthographic":false}