{"cameraMode":{"drawMode":0,"name":"Shaded","section":"Shading Mode"},"sceneLighting":true,"audioPlay":false,"sceneViewState":{"showFog":true,"showMaterialUpdate":false,"showSkybox":true,"showFlares":true,"showImageEffects":true,"showParticleSystems":true},"in2DMode":false,"pivot":{"x":-0.7908811569213867,"y":3.406190872192383,"z":0.4399999976158142},"rotation":{"x":-0.09797908365726471,"y":0.8448125720024109,"z":-0.1658140867948532,"w":-0.49919694662094118},"size":0.8660253882408142,"orthographic":false}