{"cameraMode":{"drawMode":0,"name":"Shaded","section":"Shading Mode"},"sceneLighting":true,"audioPlay":false,"sceneViewState":{"showFog":true,"showMaterialUpdate":false,"showSkybox":true,"showFlares":true,"showImageEffects":true,"showParticleSystems":true},"in2DMode":false,"pivot":{"x":35.53406524658203,"y":9.885272026062012,"z":28.650529861450197},"rotation":{"x":0.18914277851581574,"y":0.07209675014019013,"z":-0.013925484381616116,"w":0.9792028665542603},"size":10.0,"orthographic":false}