{"cameraMode":{"drawMode":0,"name":"Shaded","section":"Shading Mode"},"sceneLighting":true,"audioPlay":false,"sceneViewState":{"showFog":true,"showMaterialUpdate":false,"showSkybox":true,"showFlares":true,"showImageEffects":true,"showParticleSystems":true},"in2DMode":false,"pivot":{"x":53.06606674194336,"y":-190.54827880859376,"z":319.8037109375},"rotation":{"x":-0.2797033488750458,"y":-0.010930151678621769,"z":0.0032002681400626899,"w":-0.9600306153297424},"size":209.19573974609376,"orthographic":false}