{"cameraMode":{"drawMode":0,"name":"Shaded","section":"Shading Mode"},"sceneLighting":true,"audioPlay":false,"sceneViewState":{"showFog":true,"showMaterialUpdate":false,"showSkybox":true,"showFlares":true,"showImageEffects":true,"showParticleSystems":true},"in2DMode":false,"pivot":{"x":646.1552734375,"y":795.1697387695313,"z":365.99169921875},"rotation":{"x":0.12833988666534425,"y":-0.8575875759124756,"z":0.2585449516773224,"w":0.42573779821395876},"size":96.70176696777344,"orthographic":false}