{"cameraMode":{"drawMode":0,"name":"Shaded","section":"Shading Mode"},"sceneLighting":true,"audioPlay":false,"sceneViewState":{"showFog":true,"showMaterialUpdate":false,"showSkybox":true,"showFlares":true,"showImageEffects":true,"showParticleSystems":true},"in2DMode":false,"pivot":{"x":119.7840576171875,"y":20.8969783782959,"z":53.15400314331055},"rotation":{"x":0.09211459755897522,"y":-0.8141348958015442,"z":0.13457229733467103,"w":0.5573276281356812},"size":3.5660252571105959,"orthographic":false}