{"cameraMode":{"drawMode":0,"name":"Shaded","section":"Shading Mode"},"sceneLighting":true,"audioPlay":false,"sceneViewState":{"showFog":true,"showMaterialUpdate":false,"showSkybox":true,"showFlares":true,"showImageEffects":true,"showParticleSystems":true},"in2DMode":false,"pivot":{"x":56.58721160888672,"y":-54.863250732421878,"z":78.80282592773438},"rotation":{"x":0.40526044368743899,"y":-0.013714014552533627,"z":0.006091514602303505,"w":0.9140896201133728},"size":87.87935638427735,"orthographic":false}