{"cameraMode":{"drawMode":0,"name":"Shaded","section":"Shading Mode"},"sceneLighting":true,"audioPlay":false,"sceneViewState":{"showFog":true,"showMaterialUpdate":false,"showSkybox":true,"showFlares":true,"showImageEffects":true,"showParticleSystems":true},"in2DMode":false,"pivot":{"x":47.13976287841797,"y":-18.827552795410158,"z":21.5953369140625},"rotation":{"x":0.14264728128910066,"y":0.8573484420776367,"z":-0.3482268154621124,"w":0.35121777653694155},"size":45.05677032470703,"orthographic":false}