{"cameraMode":{"drawMode":0,"name":"Shaded","section":"Shading Mode"},"sceneLighting":true,"audioPlay":false,"sceneViewState":{"showFog":true,"showMaterialUpdate":false,"showSkybox":true,"showFlares":true,"showImageEffects":true,"showParticleSystems":true},"in2DMode":false,"pivot":{"x":88.89898681640625,"y":7.598468780517578,"z":38.30464553833008},"rotation":{"x":0.0974985733628273,"y":-0.8971561789512634,"z":0.24859657883644105,"w":0.35189375281333926},"size":0.8660255670547485,"orthographic":false}