{"cameraMode":{"drawMode":0,"name":"Shaded","section":"Shading Mode"},"sceneLighting":true,"audioPlay":false,"sceneViewState":{"showFog":true,"showMaterialUpdate":false,"showSkybox":true,"showFlares":true,"showImageEffects":true,"showParticleSystems":true},"in2DMode":false,"pivot":{"x":73.23885345458985,"y":-46.69844055175781,"z":46.148380279541019},"rotation":{"x":0.003783108200877905,"y":-0.8733113408088684,"z":0.487129271030426,"w":0.006809467449784279},"size":87.99861145019531,"orthographic":false}