{"cameraMode":{"drawMode":0,"name":"Shaded","section":"Shading Mode"},"sceneLighting":false,"audioPlay":false,"sceneViewState":{"showFog":true,"showMaterialUpdate":false,"showSkybox":false,"showFlares":true,"showImageEffects":true,"showParticleSystems":true},"in2DMode":false,"pivot":{"x":9.255961418151856,"y":28.297914505004884,"z":-1.0020406246185303},"rotation":{"x":0.3289659023284912,"y":-0.07523996382951737,"z":0.02636238932609558,"w":0.9410130977630615},"size":0.8660253882408142,"orthographic":false}